{"cameraMode":{"drawMode":0,"name":"Shaded","section":"Shading Mode"},"sceneLighting":true,"audioPlay":false,"sceneViewState":{"showFog":true,"showMaterialUpdate":true,"showSkybox":true,"showFlares":true,"showImageEffects":true,"showParticleSystems":true},"in2DMode":false,"pivot":{"x":18.29229736328125,"y":1.3767845630645753,"z":9.787813186645508},"rotation":{"x":0.02064530923962593,"y":0.9788579344749451,"z":-0.15878191590309144,"w":0.12727627158164979},"size":0.13188797235488892,"orthographic":false}