{"cameraMode":{"drawMode":0,"name":"Shaded","section":"Shading Mode"},"sceneLighting":true,"audioPlay":false,"sceneViewState":{"showFog":true,"showMaterialUpdate":false,"showSkybox":true,"showFlares":true,"showImageEffects":true,"showParticleSystems":true},"in2DMode":false,"pivot":{"x":20.619861602783204,"y":1.350440263748169,"z":13.138402938842774},"rotation":{"x":0.09774956107139588,"y":-0.8564304113388062,"z":0.17611385881900788,"w":0.47534826397895815},"size":0.05418276786804199,"orthographic":false}